{
    "perplexity": 40.312744140625,
    "runtime_sec": 0.3304066309938207
}