{
  "model": "EleutherAI/pythia-70m",
  "dataset": "pg19:",
  "split": "test",
  "max_length": 2048,
  "stride": 1024,
  "max_samples": 1,
  "max_eval_tokens": 4096,
  "total_tokens": 4096,
  "streaming_llm": {
    "n_sink": 4,
    "window_size": 1024,
    "max_cache_size": 1028,
    "compression_ratio": 0.498046875
  },
  "baseline": {
    "perplexity": 57.90441131591797,
    "runtime_sec": 0.36860421393066645,
    "prefill_sec": 0.36860384105239064
  },
  "kvpress": {
    "perplexity": 57.90441131591797,
    "runtime_sec": 0.08073051099199802,
    "prefill_sec": 0.08073090901598334
  },
  "metrics": {
    "speedup": 4.56586003731851,
    "compression_ratio": 0.498046875,
    "ppl_increase_percent": 0.0,
    "peak_memory_mb": 1378.2529296875
  },
  "device": "cuda",
  "dtype": "torch.float16"
}