{
  "model": "EleutherAI/pythia-70m",
  "dataset": "wikitext:wikitext-103-v1",
  "split": "test",
  "max_length": 2048,
  "stride": 1024,
  "max_samples": 64,
  "max_eval_tokens": 4096,
  "total_tokens": 3407,
  "streaming_llm": {
    "n_sink": 4,
    "window_size": 1024,
    "max_cache_size": 1028,
    "compression_ratio": 0.498046875
  },
  "baseline": {
    "perplexity": 35.978946685791016,
    "runtime_sec": 0.7335783890448511,
    "prefill_sec": 0.7335836990969256
  },
  "kvpress": {
    "perplexity": 35.978946685791016,
    "runtime_sec": 0.23544482595752925,
    "prefill_sec": 0.2354454630985856
  },
  "metrics": {
    "speedup": 3.115712507427017,
    "compression_ratio": 0.498046875,
    "ppl_increase_percent": 0.0,
    "peak_memory_mb": 1377.2529296875
  },
  "device": "cuda",
  "dtype": "torch.float16"
}