{
    "perplexity": 33.09471130371094,
    "runtime_sec": 0.3622529919957742
}