{
  "model": "EleutherAI/pythia-2.8b",
  "dataset": "pg19:",
  "split": "test",
  "max_length": 1028,
  "stride": 512,
  "max_samples": 64,
  "max_eval_tokens": 20000,
  "total_tokens": 20000,
  "streaming_llm": {
    "n_sink": 4,
    "window_size": 1024,
    "max_cache_size": 1028,
    "compression_ratio": 0.9486
  },
  "baseline": {
    "perplexity": 20.364564895629883,
    "runtime_sec": 2.044885382987559,
    "prefill_sec": 0.3039341210387647,
    "first_token_latency_sec": 0.3039319049566984,
    "peak_memory_mb": 6559.98046875
  },
  "kvpress": {
    "perplexity": 20.364564895629883,
    "runtime_sec": 2.2526116978842765,
    "prefill_sec": 0.08451915299519897,
    "first_token_latency_sec": 0.08413109416142106,
    "peak_memory_mb": 5949.98046875
  },
  "metrics": {
    "speedup": 0.9077842332560819,
    "compression_ratio": 0.9486,
    "ppl_increase_percent": 0.0,
    "peak_memory_mb": 5949.98046875,
    "first_token_latency_sec": 0.08413109416142106,
    "baseline_first_token_latency_sec": 0.3039319049566984,
    "peak_memory_ratio": 0.9070119182662392
  },
  "device": "cuda",
  "dtype": "torch.float16"
}