{
  "model": "EleutherAI/pythia-70m",
  "dataset": "pg19:",
  "split": "test",
  "max_length": 1028,
  "stride": 512,
  "max_samples": 64,
  "max_eval_tokens": 4096,
  "total_tokens": 4096,
  "streaming_llm": {
    "n_sink": 4,
    "window_size": 1024,
    "max_cache_size": 1028,
    "compression_ratio": 0.0
  },
  "baseline": {
    "perplexity": 58.04340362548828,
    "runtime_sec": 0.3145078249508515,
    "prefill_sec": 0.31450792704708874
  },
  "kvpress": {
    "perplexity": 58.04340362548828,
    "runtime_sec": 0.04470820294227451,
    "prefill_sec": 0.044708408997394145
  },
  "metrics": {
    "speedup": 7.034678297334647,
    "compression_ratio": 0.0,
    "ppl_increase_percent": 0.0,
    "peak_memory_mb": 766.12890625
  },
  "device": "cuda",
  "dtype": "torch.float16"
}