{
  "model": "EleutherAI/pythia-2.8b",
  "dataset": "pg19:",
  "split": "test",
  "max_length": 1028,
  "stride": 512,
  "max_samples": 64,
  "max_eval_tokens": 20000,
  "total_tokens": 20000,
  "streaming_llm": {
    "n_sink": 4,
    "window_size": 1024,
    "max_cache_size": 1028,
    "compression_ratio": 0.9486
  },
  "baseline": {
    "perplexity": 20.364564895629883,
    "runtime_sec": 2.0505927980411798,
    "prefill_sec": 0.30968035804107785,
    "first_token_latency_sec": 0.30967763694934547,
    "peak_memory_mb": 6559.98046875
  },
  "kvpress": {
    "perplexity": 20.364564895629883,
    "runtime_sec": 2.25948464195244,
    "prefill_sec": 0.0861919978633523,
    "first_token_latency_sec": 0.08581107808277011,
    "peak_memory_mb": 5949.98046875
  },
  "metrics": {
    "speedup": 0.907548898526367,
    "compression_ratio": 0.9486,
    "ppl_increase_percent": 0.0,
    "peak_memory_mb": 5949.98046875,
    "first_token_latency_sec": 0.08581107808277011,
    "baseline_first_token_latency_sec": 0.30967763694934547,
    "peak_memory_ratio": 0.9070119182662392
  },
  "device": "cuda",
  "dtype": "torch.float16"
}