{
  "model": "EleutherAI/pythia-2.8b",
  "dataset": "wikitext:wikitext-103-v1",
  "split": "test",
  "max_length": 1028,
  "stride": 512,
  "max_samples": 64,
  "max_eval_tokens": 4096,
  "total_tokens": 4096,
  "streaming_llm": {
    "n_sink": 4,
    "window_size": 1024,
    "max_cache_size": 1028,
    "compression_ratio": 0.7490234375
  },
  "baseline": {
    "perplexity": 10.159332275390625,
    "runtime_sec": 0.6137620508670807,
    "prefill_sec": 0.3057826890144497,
    "first_token_latency_sec": 0.3057793870102614,
    "peak_memory_mb": 6559.98046875
  },
  "kvpress": {
    "perplexity": 10.159332275390625,
    "runtime_sec": 0.4724844947922975,
    "prefill_sec": 0.08559595397673547,
    "first_token_latency_sec": 0.08526922389864922,
    "peak_memory_mb": 6087.20703125
  },
  "metrics": {
    "speedup": 1.299009930763735,
    "compression_ratio": 0.7490234375,
    "ppl_increase_percent": 0.0,
    "peak_memory_mb": 6087.20703125,
    "first_token_latency_sec": 0.08526922389864922,
    "baseline_first_token_latency_sec": 0.3057793870102614,
    "peak_memory_ratio": 0.9279306638560638
  },
  "device": "cuda",
  "dtype": "torch.float16"
}