{
  "model": "EleutherAI/pythia-70m",
  "dataset": "wikitext:wikitext-103-v1",
  "split": "test",
  "max_length": 1028,
  "stride": 512,
  "max_samples": 64,
  "max_eval_tokens": 4096,
  "total_tokens": 3407,
  "streaming_llm": {
    "n_sink": 4,
    "window_size": 1024,
    "max_cache_size": 1028,
    "compression_ratio": 0.0
  },
  "baseline": {
    "perplexity": 40.45717239379883,
    "runtime_sec": 0.3197720639873296,
    "prefill_sec": 0.3197721099713817
  },
  "kvpress": {
    "perplexity": 40.45717239379883,
    "runtime_sec": 0.0415654459502548,
    "prefill_sec": 0.041565706953406334
  },
  "metrics": {
    "speedup": 7.693218650174723,
    "compression_ratio": 0.0,
    "ppl_increase_percent": 0.0,
    "peak_memory_mb": 766.12890625
  },
  "device": "cuda",
  "dtype": "torch.float16"
}