{
  "model": "EleutherAI/pythia-2.8b",
  "dataset": "wikitext:wikitext-103-v1",
  "split": "test",
  "max_length": 1028,
  "stride": 512,
  "max_samples": 64,
  "max_eval_tokens": 4096,
  "total_tokens": 4096,
  "streaming_llm": {
    "n_sink": 4,
    "window_size": 1024,
    "implementation": "mit",
    "cache_type": "StartRecentKVCache",
    "max_cache_size": 1028
  },
  "device": "cuda",
  "dtype": "torch.float16",
  "baseline_source": "loaded:results/streaming_llm/wikitext_baseline.json",
  "baseline": {
    "perplexity": 9.528085708618164,
    "runtime_sec": 164.81632463703863,
    "prefill_sec": 0.37253029784187675,
    "first_token_latency_sec": 0.05100698210299015,
    "peak_memory_mb": 5521.47119140625
  },
  "streaming": {
    "perplexity": 9.793514251708984,
    "runtime_sec": 52.49876391189173,
    "prefill_sec": 0.30713136098347604,
    "first_token_latency_sec": 0.14254294894635677,
    "peak_memory_mb": 5971.39794921875
  },
  "metrics": {
    "compression_ratio": 0.7490234375,
    "first_token_latency_sec": 0.14254294894635677,
    "peak_memory_mb": 5971.39794921875,
    "speedup": 3.1394324809941927,
    "ppl_increase_percent": 2.785748902854011,
    "peak_memory_ratio": 1.0814867527540082
  }
}