{
    "perplexity": 40.312744140625,
    "runtime_sec": 0.10636874998454005
}