{
  "model": "EleutherAI/pythia-70m",
  "dataset": "pg19:wikitext-103-v1",
  "split": "test",
  "max_length": 1024,
  "stride": 512,
  "max_samples": 1,
  "max_eval_tokens": 4096,
  "total_tokens": 4096,
  "streaming_llm": {
    "n_sink": 4,
    "window_size": 1024,
    "max_cache_size": 1028
  },
  "baseline": {
    "perplexity": 57.91722106933594,
    "runtime_sec": 0.8558688020566478,
    "prefill_sec": 0.8558671630453318
  },
  "streaming": {
    "perplexity": 57.91722106933594,
    "runtime_sec": 0.07943330600392073,
    "prefill_sec": 0.07943258399609476
  },
  "metrics": {
    "speedup": 10.774684387609438,
    "compression_ratio": 0.7490234375,
    "ppl_increase_percent": 0.0,
    "peak_memory_mb": 759.7294921875
  },
  "device": "cuda",
  "dtype": "torch.float16"
}