{
  "model": "EleutherAI/pythia-70m",
  "dataset": "wikitext:wikitext-103-v1",
  "split": "test",
  "max_length": 2048,
  "stride": 1024,
  "max_samples": 64,
  "max_eval_tokens": 4096,
  "total_tokens": 3407,
  "streaming_llm": {
    "n_sink": 4,
    "window_size": 1024,
    "implementation": "mit",
    "cache_type": "StartRecentKVCache",
    "max_cache_size": 1028
  },
  "device": "cuda",
  "dtype": "torch.float16",
  "baseline_source": "loaded:results/streaming_llm/wikitext_baseline.json",
  "baseline": {
    "perplexity": 36.30228805541992,
    "runtime_sec": 17.187583726015873,
    "prefill_sec": 0.3584309050347656
  },
  "streaming": {
    "perplexity": 36.790061950683594,
    "runtime_sec": 10.92088214296382,
    "prefill_sec": 0.2822017959551886
  },
  "metrics": {
    "compression_ratio": 0.6982682712063399,
    "peak_memory_mb": 356.240234375,
    "speedup": 1.5738274162302546,
    "ppl_increase_percent": 1.3436450466125576
  }
}