{
  "model": "EleutherAI/pythia-70m",
  "dataset": "wikitext:wikitext-103-v1",
  "split": "test",
  "max_length": 1024,
  "stride": 512,
  "max_samples": 64,
  "max_eval_tokens": 4096,
  "total_tokens": 3407,
  "streaming_llm": {
    "n_sink": 4,
    "window_size": 1024,
    "max_cache_size": 1028
  },
  "baseline": {
    "perplexity": 40.312744140625,
    "runtime_sec": 0.33310132392216474,
    "prefill_sec": 0.33309981401544064
  },
  "streaming": {
    "perplexity": 40.312744140625,
    "runtime_sec": 0.032463917043060064,
    "prefill_sec": 0.03246327897068113
  },
  "metrics": {
    "speedup": 10.260663353727152,
    "compression_ratio": 0.6982682712063399,
    "ppl_increase_percent": 0.0,
    "peak_memory_mb": 759.7294921875
  },
  "device": "cuda",
  "dtype": "torch.float16"
}