{
    "perplexity": 40.312744140625,
    "runtime_sec": 0.085187096032314
}