{
    "perplexity": 33.09471130371094,
    "runtime_sec": 0.13872575503773987
}