{
  "model": "EleutherAI/pythia-70m",
  "dataset": "pg19:wikitext-103-v1",
  "split": "test",
  "max_length": 1024,
  "stride": 512,
  "max_samples": 1,
  "max_eval_tokens": 4096,
  "total_tokens": 4096,
  "streaming_llm": {
    "n_sink": 4,
    "window_size": 1024,
    "max_cache_size": 1028,
    "compression_ratio": 0.7490234375
  },
  "baseline": {
    "perplexity": 57.91722106933594,
    "runtime_sec": 0.32510856993030757,
    "prefill_sec": 0.3251090870471671
  },
  "kvpress": {
    "perplexity": 57.91722106933594,
    "runtime_sec": 0.08980486402288079,
    "prefill_sec": 0.08980522502679378
  },
  "metrics": {
    "speedup": 3.620166607540047,
    "compression_ratio": 0.7490234375,
    "ppl_increase_percent": 0.0,
    "peak_memory_mb": 759.7294921875
  },
  "device": "cuda",
  "dtype": "torch.float16"
}